product_id,product_name,category,price,stock_quantity,supplier,description
1,Total demand-driven pricing structure,Books,352.40,349,Acme Wholesale,Body role pick would low read value worry.
2,Horizontal interactive portal,Home & Kitchen,306.52,87,Soylent Corp,Employee offer perhaps until pass market role marriage space this discussion fact.
3,Ergonomic 24hour capability,Beauty,85.88,194,Initech,Let someone scene debate past increase animal.
4,Monitored next generation workforce,Automotive,113.71,166,Northwind Traders,Action cut example so film media food accept rate game.
5,Up-sized non-volatile pricing structure,Beauty,411.79,412,Initech,Story create street two look listen along.
6,Devolved mission-critical collaboration,Clothing,137.53,108,Soylent Corp,Leave tend time leg sport until argue minute north question new affect officer forward trouble somebody.
7,Cloned coherent focus group,Toys,110.25,255,Umbrella Supplies,Fund heart move coach paper cost bring.
8,Versatile fault-tolerant strategy,Health,75.72,71,Globex Corporation,Report even beautiful theory he stop few modern company hear also dark.
9,Cross-group leadingedge middleware,Automotive,271.79,382,Soylent Corp,Sometimes toward child future low them financial.
10,Inverse client-server throughput,Clothing,449.42,204,Initech,State visit quality car right least require mission.
11,Adaptive fault-tolerant analyzer,Beauty,498.68,70,Soylent Corp,The four threat billion she seat against serve police decide customer expert mother significant provide evening.
12,Diverse even-keeled budgetary management,Health,50.00,24,Northwind Traders,When nice bill my near even wall.
13,Horizontal object-oriented encryption,Sports,315.59,405,Acme Wholesale,Author party full kitchen candidate likely push black approach.
14,Optimized hybrid conglomeration,Clothing,300.22,197,Umbrella Supplies,Through picture real knowledge green forward cup serve speak bad type share nothing behavior sort recognize.
15,Cross-platform logistical function,Office Supplies,498.08,270,Initech,Like water century time election guy contain true form team foot maintain assume both.
16,Polarized maximized concept,Automotive,431.09,5,Acme Wholesale,Should page camera bill stage someone for power society mouth husband.
17,Open-source disintermediate process improvement,Home & Kitchen,342.45,274,Initech,Nature wind himself future sport opportunity six itself skin name.
18,Front-line context-sensitive protocol,Toys,60.22,222,Globex Corporation,School Republican student boy other foot best knowledge.
19,Integrated impactful architecture,Health,6.61,369,Acme Wholesale,Board sport side her management produce bed stage thought tough player a chair chance most hope.
20,Re-engineered local customer loyalty,Books,486.08,390,Globex Corporation,Race first now tree fight wall itself work general become.
21,Advanced reciprocal migration,Automotive,456.75,445,Acme Wholesale,Summer system artist too whose a nice without body executive all it opportunity.
22,Self-enabling foreground structure,Books,421.63,259,Soylent Corp,Image itself deep community cause new successful growth individual eye their by.
23,Advanced asynchronous project,Beauty,80.66,390,Globex Corporation,Century those price window career case south.
24,Persevering zero tolerance standardization,Automotive,476.98,472,Soylent Corp,Us perhaps lawyer interest star his difficult interesting account marriage room Republican especially unit office almost.
25,Automated non-volatile matrices,Electronics,301.48,250,Northwind Traders,Both loss real center rule worker worker single let back three because.
26,Phased responsive support,Home & Kitchen,464.90,449,Initech,Range much often party tough movement action law.
27,Phased object-oriented superstructure,Beauty,33.67,449,Soylent Corp,Inside whether sometimes eye along type see risk nor article list college.
28,Business-focused stable frame,Home & Kitchen,47.40,248,Northwind Traders,Agree machine camera baby six edge past every either scientist page travel school process have compare.
29,Total disintermediate matrix,Automotive,384.09,65,Acme Wholesale,Son television garden base certain value child many year.
30,Visionary human-resource encoding,Health,473.69,84,Initech,Rise cold official success approach enough standard apply less live live way two.
31,Focused homogeneous software,Automotive,436.85,216,Globex Corporation,Listen certain that activity until large question which raise American truth PM what.
32,Optional reciprocal projection,Automotive,378.86,353,Globex Corporation,Friend environment better pressure hospital significant see same open crime front.
33,Team-oriented contextually-based functionalities,Books,202.50,343,Acme Wholesale,Action across attack in moment rate goal rise edge alone people arm order thus describe.
34,Right-sized scalable capability,Toys,221.86,264,Umbrella Supplies,Beat painting heavy shake possible sort continue book contain.
35,Implemented maximized protocol,Home & Kitchen,127.71,32,Initech,Police two everybody interview tough show food class.
36,Compatible even-keeled time-frame,Electronics,296.21,117,Soylent Corp,Him four art western enough key man up.
37,Seamless hybrid conglomeration,Beauty,8.56,362,Acme Wholesale,Board music issue pass blood kid else alone audience road since affect marriage present.
38,Adaptive 5thgeneration secured line,Electronics,118.33,463,Northwind Traders,Entire record toward off middle vote make job such sit size music about.
39,Team-oriented zero-defect matrices,Toys,40.07,121,Initech,Note various grow radio hundred place where before movement.
40,Mandatory attitude-oriented knowledgebase,Health,111.05,67,Acme Wholesale,Possible computer always his course receive to piece grow be plan.
41,User-centric content-based challenge,Office Supplies,290.22,124,Umbrella Supplies,Cover rest or majority as music film.
42,Public-key local adapter,Clothing,99.25,49,Acme Wholesale,Fund front return if deep president mission.
43,Synergistic national collaboration,Clothing,180.38,210,Umbrella Supplies,Do author save major affect trade peace drug possible add plan toward star best particularly structure.
44,Cloned bi-directional budgetary management,Electronics,338.32,330,Northwind Traders,Organization past as dark front structure scene I building range national focus who degree.
45,Balanced optimizing conglomeration,Electronics,204.30,173,Northwind Traders,As event serious collection have close during old card social place heavy.
46,Diverse 3rdgeneration matrix,Beauty,99.84,274,Umbrella Supplies,According conference become prepare thought indicate southern significant.
47,Team-oriented clear-thinking database,Sports,213.83,142,Umbrella Supplies,Policy mission include visit particular also conference matter wear.
48,Self-enabling zero tolerance framework,Beauty,437.87,38,Umbrella Supplies,Industry newspaper court worry with peace television would medical less phone decade.
49,Business-focused content-based budgetary management,Automotive,53.46,333,Soylent Corp,Rate why listen computer prove amount population expect itself.
50,Managed reciprocal workforce,Electronics,484.65,474,Globex Corporation,Analysis science understand compare size machine break time return or for cup quality for.
