review_id,product_id,customer_id,rating,review_text,review_date
1,41,62,2,Painting information child yeah its ago page back by body nature at policy guy four event than difficult act help why her bit understand compare rock fill start majority more.,2024-02-27
2,46,9,4,Tend necessary parent to color water hope generation scientist whose mother organization support local camera.,2024-06-29
3,3,26,2,Rather require price central nothing environment truth.,2024-07-16
4,33,40,4,Religious eat participant religious consumer worry sometimes maybe every into walk thing sport figure teach water image fine bed bag role war close arm sea never.,2025-01-09
5,17,61,1,Space action way quality usually carry marriage rate quality mother by add couple story account interesting move generation yes product turn yourself war range amount large collection us shake.,2025-03-31
6,19,25,3,Company happen card government anything many color wide full quickly story surface tax face low enter able piece hour type upon where.,2025-07-13
7,42,7,3,Stay along leg pay major green past forget government accept three control great big man be method child buy maintain.,2024-02-19
8,28,48,4,Show economic likely hear hair throughout movie especially writer prevent keep cause section accept third remember book expect.,2024-10-21
9,22,50,2,House season too civil current look professor entire inside nearly son research foot share.,2025-05-05
10,24,64,5,Maybe type successful home body blue again choose matter should door question garden with scene its face.,2025-07-29
11,47,11,4,Bar investment pay role cost exactly boy enjoy red project investment listen situation billion room.,2024-10-14
12,12,78,5,Congress yeah option play director car although wrong upon international pattern before anything imagine fill plan discuss from look member popular fight.,2024-07-21
13,6,14,3,Hair wall represent east time consider a produce focus experience exactly paper issue edge man free born protect raise side.,2024-07-01
14,29,40,5,Former scientist guess single more he practice decide himself thought candidate sea build only treatment pressure couple.,2024-10-10
15,45,22,4,Understand avoid national garden rise writer dark result analysis court nearly education theory table trade window thus large response.,2024-10-27
16,47,6,3,Attack industry use mean against out recent can animal not some really scientist however range that will close seek his single husband even contain.,2024-10-17
17,41,36,1,Occur option across up mention mean result else system fast.,2025-04-19
18,26,82,3,Need commercial animal draw although challenge third until establish so politics eat statement movement ability girl painting hard.,2025-07-28
19,44,96,2,Watch this enough card together far world personal.,2024-03-04
20,44,78,4,Station despite whole computer will Mr without.,2024-02-20
21,16,9,3,Blood second high president thank plant nearly stage determine environmental ok space send choose discussion risk happy total behavior consider continue television.,2024-09-07
22,3,73,5,Now wall Congress example financial those stage reach could century interview.,2025-04-25
23,24,58,3,Training wife beyond money risk space owner help again step shake popular analysis eat base central physical add whom whatever blood save.,2025-06-29
24,37,10,2,System be cause service throughout spring film look during myself environment myself again and name bill though indeed ability difference.,2024-08-25
25,21,51,3,Interview challenge pretty difficult these his this state both college body big what.,2024-02-10
26,48,4,2,Baby free guess under be analysis character investment friend consider interesting throw reach person expert then even material hard.,2024-12-20
27,36,50,1,Specific represent baby able value chance pretty floor hospital return size long attack official.,2025-07-08
28,46,34,4,Certain follow camera should good management loss win own PM catch want TV himself.,2025-03-03
29,45,37,4,Market move mouth start his ok instead official really security reflect dog able yes admit next whatever TV arrive.,2024-02-17
30,5,18,4,Guess support single cause leave structure necessary use inside decision different section bring receive.,2025-10-12
31,29,92,1,Help ago who he reduce production available study that air half bad baby notice sport change consumer sea.,2025-04-27
32,43,41,3,Recognize federal in front sit receive expert choose thing allow seem me action strategy quite then never stop try maybe remember interest church win miss within by deep people.,2024-01-04
33,35,71,3,Hot state wish painting baby realize local present if herself area he interest establish.,2025-09-06
34,46,21,2,Back owner suggest agreement executive must assume others series finally necessary point allow especially with north nor.,2024-08-21
35,15,66,1,Animal fire want across ground executive huge crime sell rise wind reflect best imagine scientist big space change.,2025-07-21
36,16,18,4,Somebody local than also claim radio bad personal well discuss democratic race cell responsibility year maybe.,2024-08-21
37,37,71,3,Prepare us game size fund growth task issue three similar hold decade particular avoid charge physical marriage source central that natural why sit beautiful behind finish.,2025-07-30
38,9,71,5,Claim evidence guy become condition sign election list eight theory practice cell.,2024-01-04
39,26,40,4,Will major guy expert important people quite kid mention person finish base including late theory.,2024-09-28
40,27,99,5,Per popular scientist each start account table fact.,2024-02-20
41,42,41,1,Now take development them protect give life movement stand board Congress board where however item.,2024-11-10
42,34,88,3,Forget fish you main reduce live everything although choose like policy floor all over herself.,2025-09-26
43,36,100,5,Smile without degree deep age serve institution edge compare center event bank them later.,2025-07-03
44,28,17,5,Modern prove else store begin top garden send clearly glass industry little read claim recent great realize home act situation others back property pattern food worry voice sea.,2023-12-27
45,34,16,2,Add to value material first society purpose enjoy reveal write wall tax plant police official already.,2024-03-21
46,21,21,2,Information national coach help girl weight will officer add sport administration to maybe test.,2024-12-21
47,6,37,3,Power lay improve goal my mission share box compare into computer organization myself high suddenly read join exist.,2025-03-22
48,18,71,2,Visit town between because student bed administration usually billion seek perhaps name plant me south property system deep since necessary boy task wear go soldier less traditional population six how.,2024-07-06
49,35,79,1,Site medical environment probably film total training pull above training allow ago so subject million scientist fish color occur involve new.,2025-03-26
50,38,22,5,Cover popular stock soon official can player within community tough military join between song mean.,2024-03-26
51,40,85,5,Officer hot several true study city follow behavior agent activity show check peace myself win occur agent safe work play sing cost present.,2025-08-30
52,3,73,1,Father movement early sister skill side process ever various physical point.,2023-12-20
53,50,83,5,Term book until but center energy Congress back suddenly tree debate beyond somebody including main personal decision information threat plant late.,2025-04-03
54,50,27,5,Conference act condition note parent all wish year low pass national citizen score unit.,2025-03-08
55,2,82,4,Paper movie military set describe half together ahead catch base reality call event current begin remain present level.,2025-01-11
56,42,38,3,Job watch two economic cup suffer response which bill soldier onto close day reveal item land others even five blue him current good.,2024-05-22
57,26,88,3,Standard last threat when education important page theory wear most huge boy speak investment control early Democrat he certain fire act read response degree nothing focus.,2024-01-10
58,4,89,2,No history own money bill everyone part third teacher avoid throughout instead series fish floor culture.,2024-10-02
59,30,62,2,Material wrong instead buy commercial force him office expect popular task write treatment expect success idea time truth although population.,2025-02-27
60,21,19,3,Like stop indeed feeling first generation bag simple management another fear worker management political treat.,2025-09-13
61,26,45,2,Visit bill difference stay catch year technology right difficult because right speech staff Mr above read appear third amount answer fight enough reach social here.,2024-08-28
62,36,66,1,Understand on build floor challenge once sure time PM property miss drive long.,2024-05-20
63,8,60,3,With focus room difficult enough fast bar next their process same day back will art actually democratic stand could bit decade opportunity month.,2024-05-25
64,7,19,1,Set find law child mean trial despite hair window test message sister could everyone clearly film.,2024-09-08
65,27,79,2,Possible challenge then seat drive thus cost agreement product laugh enter until base issue character maybe meet apply evening best possible rule institution family idea order morning management item race position where detail.,2025-10-15
66,21,21,5,Time offer draw mother every third record identify hotel detail station reality manager commercial data.,2024-07-14
67,49,25,2,Relationship explain about continue traditional performance school system reach color race coach forward lay while program into again.,2024-12-18
68,32,60,3,Thing color set act goal listen a their line and admit quite fact direction me sense simple.,2023-12-02
69,26,12,5,Fight save laugh same wrong either main hair add good report through simple.,2024-05-19
70,38,28,3,Machine establish mind policy challenge improve detail yes ground all officer receive issue deal become turn.,2023-12-23
71,32,37,5,Police whole theory quickly tonight last when money enter quickly thousand hospital individual yes finally American mind gas partner item lawyer why society eye wide material rate.,2025-04-05
72,31,87,3,Race model face newspaper class main ask far law design stay but major above good street anyone case these size maybe when night.,2023-11-21
73,28,14,2,Require central run it truth fact allow usually eat question hit.,2025-06-01
74,49,47,4,Whom better end few financial nor quickly follow official raise current career never feeling beat note pick national.,2023-12-19
75,4,52,5,Site street benefit money reason mean rate group government level which leave tree ago short because cell trade skill oil health.,2024-04-13
76,36,47,3,Myself not fall sense hotel idea accept space themselves least approach area stop practice four best fact loss.,2024-09-09
77,29,65,5,Ten building once memory response reduce might no whose carry time policy choice pick rest view.,2025-08-16
78,44,80,5,Perhaps customer attack check they mind easy billion agency media hospital unit feel low contain.,2024-02-22
79,26,13,3,Success national start race teacher pay it player continue stand price color score national live face property where manage property hospital.,2024-08-04
80,24,72,2,Less spend challenge exist build hope oil alone practice price.,2025-02-24
81,26,66,5,Amount trade while life rich everybody word group task me give relationship hospital.,2023-12-19
82,9,5,3,Company charge pretty none least teach cause size probably type attention stuff low while paper Congress.,2024-11-16
83,30,67,2,Simple moment can food western give pay identify and system city benefit blood various live service wonder speak run door tonight community throughout sense information ask.,2025-10-08
84,9,66,3,Economy also seek kid hear piece ahead company blue last card PM news cultural make quickly different score its more so beat agency where benefit almost cell accept.,2024-07-19
85,26,21,5,Nothing ten future radio whatever rock month couple debate still may ground tonight table soon keep personal them notice camera military beyond material anything music.,2025-08-30
86,38,39,3,Difference wait two edge reflect attack the why avoid offer table use.,2025-08-19
87,35,66,4,Fine peace national through old view world president allow instead customer thousand arrive daughter stage form serious treatment artist management south nor particular strong space generation audience indicate.,2025-01-24
88,31,39,1,Upon thought long can rich bit market different go local sit theory direction use ago site cultural part here raise adult lot hit.,2024-07-29
89,8,87,4,Receive involve interview case just today work happy create job around discussion open dinner section thousand soldier nothing yard address rest spend.,2024-07-10
90,45,93,1,Arm just executive fire own three your can huge price prevent baby voice day.,2024-11-17
91,42,34,5,Today teach kitchen few happen necessary than each throw five must bit get improve wear main bad treatment success minute figure need.,2024-05-09
92,4,93,5,Head staff center within recognize practice law box material almost everyone his still be.,2024-03-26
93,41,68,5,Take himself affect him know difference here process mouth produce all several visit travel senior from stock energy send describe agree rise.,2025-08-29
94,10,49,2,Its into role save arm body hold return question teach visit less occur nothing million class.,2025-02-01
95,8,90,2,Level yeah draw traditional exactly radio ever your side fast number although.,2024-10-22
96,27,41,2,Gun process site special part buy nothing fly enough condition leg key letter whole lose such design.,2025-05-04
97,27,27,5,Often bag today necessary well key election skill employee manager dinner company that pretty discussion pressure.,2025-03-03
98,48,61,1,Range team oil among response article research else either question tax government responsibility over glass back kitchen memory down.,2024-02-29
99,14,67,5,Now stop race author interview executive agency parent growth window today hear wall family all happy fact.,2025-04-12
100,34,62,4,Treatment agent participant space member sit meet ok general Democrat store allow risk.,2024-03-28
101,35,59,3,Several power western when yeah not young piece safe much building these sometimes parent process minute first crime offer treat forget.,2024-08-15
102,50,87,3,Discuss fire win realize knowledge whatever improve bag night baby gun machine discover skill discover still would understand each training purpose program.,2024-11-24
103,16,25,3,Employee expert finish bank inside work office plan significant tonight then administration building enjoy never us sea call alone issue real wrong car term truth toward great.,2024-07-03
104,20,29,3,Recent drop fall front station from participant blue reveal available TV wear treat piece scientist job serious record safe rich operation star meeting charge account.,2024-04-23
105,46,89,4,Have power here just meet open war best father game nor today oil such interview follow five condition century sport same writer.,2024-11-21
106,36,45,3,Issue everything they fire girl close explain main difference college voice else paper.,2024-02-17
107,44,74,5,Under project cell deal stuff senior agree total whether music sometimes according strategy.,2025-10-10
108,23,51,2,Hard example way interview know call law truth respond try.,2023-12-17
109,46,37,1,Know it enjoy ten year rule bring government bad soldier road force.,2025-11-01
110,42,57,3,Friend law save public available reach throughout although beyond relate miss couple newspaper study personal we physical early only the detail cultural like machine cost market capital play.,2024-11-20
111,13,28,5,Week tax see about attack newspaper decade concern industry enjoy herself.,2025-11-08
112,45,72,3,Doctor give most west there subject themselves property make picture our myself far despite while to shake information.,2024-02-07
113,48,79,5,Foot production break let five box recent relate similar low source major include dog fact medical three.,2024-05-21
114,43,7,5,Article sign energy fish hot kind human treatment environmental rock fund stand final important occur coach.,2025-03-24
115,4,30,1,Single book why particularly can music wear again here sister four good she as any.,2024-07-28
116,31,92,1,Gun cup church movie teacher director soon treat former democratic safe vote already after wait bill huge machine.,2025-07-05
117,1,18,5,Executive agency place read almost seek spend help husband stand theory.,2024-09-25
118,31,84,4,Baby mean region run after sea must try believe open hospital story teacher size interesting.,2024-04-17
119,19,97,3,Few learn between wide office heavy involve develop image.,2025-03-30
120,50,8,1,Low traditional mouth each admit market hour head national board difference window however discussion have none poor forward special wish.,2025-02-02
121,35,30,1,Night debate walk order base idea study model style set.,2024-10-04
122,3,23,4,Should edge find full character focus north image accept real sense some nation fine present focus.,2024-12-03
123,48,24,3,Method teach yeah bank bit recognize heart series class security coach join will although.,2023-11-21
124,37,39,5,Manager phone modern cause them industry across brother yet result they even follow threat.,2025-11-04
125,19,43,4,Practice center model daughter pass research mind economy leg view until result system career modern stop act indicate change attack with find could really Mrs former article light choose.,2025-01-09
126,32,68,2,Player third general add cover exist treatment international role happen short various night political dark or bill describe condition nor camera mission population him offer table.,2024-12-10
127,18,60,2,Everyone southern the protect list collection situation writer before sound chair close themselves follow time appear memory keep professor force matter bring nice help history listen find miss most third success western.,2024-02-10
128,11,43,4,Represent style night majority smile rate newspaper itself give agent hand letter prove rock degree nice young vote him condition.,2024-06-01
129,12,92,1,Cultural guess crime only foreign treat trouble me actually event positive politics huge yet.,2024-08-02
130,37,38,2,Ever arm occur air responsibility likely parent lawyer community seek positive nation.,2025-03-03
131,26,82,4,Although ahead thus check save that capital information suffer argue PM artist best name.,2024-07-26
132,26,12,1,Pretty scene four public tonight today college worry reveal hand add.,2024-03-02
133,21,62,2,Indicate property article cover seven challenge entire common and part read important play.,2024-06-04
134,16,50,4,Find night brother letter structure beat us because truth consumer beat fish phone after.,2024-06-09
135,20,43,5,Small design hear ball right east study politics top course sense car apply relationship concern cell firm difficult.,2025-02-01
136,17,2,3,Evening current without else keep begin great hair sign mission stop reach color wear one choose notice year its.,2024-05-16
137,43,8,1,Debate record mean stop some before significant election life all boy probably cost cause only head help open.,2024-07-10
138,26,21,5,Follow bit grow too city little from total cost group clear national sell keep.,2025-07-04
139,45,40,1,Lead office itself human street education health full question feel wife theory shake too medical inside similar west husband agreement mention two though whole wall cup win sell candidate four.,2025-10-26
140,24,38,5,Wife finally she soon learn close a challenge third.,2024-05-02
141,31,18,2,Film continue tax job right child new simply above city beyond near hour defense line heavy less drug.,2025-06-17
142,24,78,4,Hold five very hundred force executive push their others move get prove wife agree those concern.,2025-01-14
143,49,61,5,Hard fund statement particular seem trip population catch could deep itself fund pressure international expect hit start alone when instead clear.,2025-04-13
144,49,28,2,Strong let bar rather big television sound activity five offer himself lawyer main whether I side field else plant page sort late health list friend movement half.,2025-06-22
145,6,77,5,Wonder mother himself push character front various opportunity culture spend road lawyer any example business.,2024-12-28
146,24,91,1,Least anyone out hard international push short age environment fall indicate land fear along born rule most how compare movement call certain management throughout generation.,2024-02-09
147,36,8,5,Ready each stay strong run model learn baby head chair with point think high woman bad until.,2025-02-01
148,10,69,2,Institution against wear either present third student item bring court end field method take during sometimes.,2025-09-08
149,29,67,1,Of Democrat very ever read control maybe animal human consider expect above debate site price ever leg so play best different remember determine.,2024-04-22
150,38,92,4,Explain Republican step onto play forget home upon actually future get know left sea decision recently pull.,2025-10-12
